{
    "AWS::CloudFront::Distribution": {
        "TargetName": "AWS::CloudFront::Distribution",
        "TargetType": "RESOURCE",
        "Schema": {
            "handlers": {
                "read": {
                    "permissions": [
                        "cloudfront:GetDistribution*"
                    ]
                },
                "create": {
                    "permissions": [
                        "cloudfront:CreateDistribution*",
                        "cloudfront:TagResource"
                    ]
                },
                "update": {
                    "permissions": [
                        "cloudfront:GetDistribution*",
                        "cloudfront:UpdateDistribution*",
                        "cloudfront:ListTagsForResource*",
                        "cloudfront:TagResource",
                        "cloudfront:UntagResource"
                    ]
                },
                "list": {
                    "permissions": [
                        "cloudfront:ListDistributions*"
                    ]
                },
                "delete": {
                    "permissions": [
                        "cloudfront:DeleteDistribution*"
                    ]
                }
            },
            "readOnlyProperties": [
                "/properties/Id",
                "/properties/DomainName"
            ],
            "typeName": "AWS::CloudFront::Distribution",
            "description": "Resource Type definition for AWS::CloudFront::Distribution",
            "additionalProperties": false,
            "primaryIdentifier": [
                "/properties/Id"
            ],
            "definitions": {
                "Origin": {
                    "additionalProperties": false,
                    "type": "object",
                    "properties": {
                        "ConnectionTimeout": {
                            "type": "integer"
                        },
                        "ConnectionAttempts": {
                            "type": "integer"
                        },
                        "OriginCustomHeaders": {
                            "uniqueItems": false,
                            "type": "array",
                            "items": {
                                "$ref": "#/definitions/OriginCustomHeader"
                            }
                        },
                        "DomainName": {
                            "type": "string"
                        },
                        "OriginShield": {
                            "$ref": "#/definitions/OriginShield"
                        },
                        "S3OriginConfig": {
                            "$ref": "#/definitions/S3OriginConfig"
                        },
                        "OriginPath": {
                            "default": "",
                            "type": "string"
                        },
                        "Id": {
                            "type": "string"
                        },
                        "CustomOriginConfig": {
                            "$ref": "#/definitions/CustomOriginConfig"
                        }
                    },
                    "required": [
                        "DomainName",
                        "Id"
                    ]
                },
                "GeoRestriction": {
                    "additionalProperties": false,
                    "type": "object",
                    "properties": {
                        "Locations": {
                            "uniqueItems": false,
                            "type": "array",
                            "items": {
                                "type": "string"
                            }
                        },
                        "RestrictionType": {
                            "type": "string"
                        }
                    },
                    "required": [
                        "RestrictionType"
                    ]
                },
                "OriginGroups": {
                    "additionalProperties": false,
                    "type": "object",
                    "properties": {
                        "Quantity": {
                            "type": "integer"
                        },
                        "Items": {
                            "uniqueItems": false,
                            "type": "array",
                            "items": {
                                "$ref": "#/definitions/OriginGroup"
                            }
                        }
                    },
                    "required": [
                        "Quantity"
                    ]
                },
                "StatusCodes": {
                    "additionalProperties": false,
                    "type": "object",
                    "properties": {
                        "Quantity": {
                            "type": "integer"
                        },
                        "Items": {
                            "uniqueItems": false,
                            "type": "array",
                            "items": {
                                "type": "integer"
                            }
                        }
                    },
                    "required": [
                        "Quantity",
                        "Items"
                    ]
                },
                "FunctionAssociation": {
                    "additionalProperties": false,
                    "type": "object",
                    "properties": {
                        "FunctionARN": {
                            "type": "string"
                        },
                        "EventType": {
                            "type": "string"
                        }
                    }
                },
                "LegacyCustomOrigin": {
                    "additionalProperties": false,
                    "type": "object",
                    "properties": {
                        "HTTPSPort": {
                            "default": 443,
                            "type": "integer"
                        },
                        "OriginSSLProtocols": {
                            "uniqueItems": false,
                            "type": "array",
                            "items": {
                                "type": "string"
                            }
                        },
                        "DNSName": {
                            "type": "string"
                        },
                        "HTTPPort": {
                            "default": 80,
                            "type": "integer"
                        },
                        "OriginProtocolPolicy": {
                            "type": "string"
                        }
                    },
                    "required": [
                        "DNSName",
                        "OriginProtocolPolicy",
                        "OriginSSLProtocols"
                    ]
                },
                "CustomOriginConfig": {
                    "additionalProperties": false,
                    "type": "object",
                    "properties": {
                        "OriginReadTimeout": {
                            "default": 30,
                            "type": "integer"
                        },
                        "HTTPSPort": {
                            "default": 443,
                            "type": "integer"
                        },
                        "OriginKeepaliveTimeout": {
                            "default": 5,
                            "type": "integer"
                        },
                        "OriginSSLProtocols": {
                            "default": [
                                "TLSv1",
                                "SSLv3"
                            ],
                            "uniqueItems": false,
                            "type": "array",
                            "items": {
                                "type": "string"
                            }
                        },
                        "HTTPPort": {
                            "default": 80,
                            "type": "integer"
                        },
                        "OriginProtocolPolicy": {
                            "type": "string"
                        }
                    },
                    "required": [
                        "OriginProtocolPolicy"
                    ]
                },
                "OriginGroupMembers": {
                    "additionalProperties": false,
                    "type": "object",
                    "properties": {
                        "Quantity": {
                            "type": "integer"
                        },
                        "Items": {
                            "uniqueItems": false,
                            "type": "array",
                            "items": {
                                "$ref": "#/definitions/OriginGroupMember"
                            }
                        }
                    },
                    "required": [
                        "Quantity",
                        "Items"
                    ]
                },
                "OriginCustomHeader": {
                    "additionalProperties": false,
                    "type": "object",
                    "properties": {
                        "HeaderValue": {
                            "type": "string"
                        },
                        "HeaderName": {
                            "type": "string"
                        }
                    },
                    "required": [
                        "HeaderValue",
                        "HeaderName"
                    ]
                },
                "OriginGroupMember": {
                    "additionalProperties": false,
                    "type": "object",
                    "properties": {
                        "OriginId": {
                            "type": "string"
                        }
                    },
                    "required": [
                        "OriginId"
                    ]
                },
                "Cookies": {
                    "additionalProperties": false,
                    "type": "object",
                    "properties": {
                        "WhitelistedNames": {
                            "uniqueItems": false,
                            "type": "array",
                            "items": {
                                "type": "string"
                            }
                        },
                        "Forward": {
                            "type": "string"
                        }
                    },
                    "required": [
                        "Forward"
                    ]
                },
                "LambdaFunctionAssociation": {
                    "additionalProperties": false,
                    "type": "object",
                    "properties": {
                        "IncludeBody": {
                            "type": "boolean"
                        },
                        "EventType": {
                            "type": "string"
                        },
                        "LambdaFunctionARN": {
                            "type": "string"
                        }
                    }
                },
                "CacheBehavior": {
                    "additionalProperties": false,
                    "type": "object",
                    "properties": {
                        "Compress": {
                            "default": false,
                            "type": "boolean"
                        },
                        "FunctionAssociations": {
                            "uniqueItems": false,
                            "type": "array",
                            "items": {
                                "$ref": "#/definitions/FunctionAssociation"
                            }
                        },
                        "LambdaFunctionAssociations": {
                            "uniqueItems": false,
                            "type": "array",
                            "items": {
                                "$ref": "#/definitions/LambdaFunctionAssociation"
                            }
                        },
                        "TargetOriginId": {
                            "type": "string"
                        },
                        "ViewerProtocolPolicy": {
                            "type": "string"
                        },
                        "ResponseHeadersPolicyId": {
                            "type": "string"
                        },
                        "RealtimeLogConfigArn": {
                            "type": "string"
                        },
                        "TrustedSigners": {
                            "uniqueItems": false,
                            "type": "array",
                            "items": {
                                "type": "string"
                            }
                        },
                        "DefaultTTL": {
                            "default": 86400,
                            "type": "number"
                        },
                        "FieldLevelEncryptionId": {
                            "default": "",
                            "type": "string"
                        },
                        "TrustedKeyGroups": {
                            "uniqueItems": false,
                            "type": "array",
                            "items": {
                                "type": "string"
                            }
                        },
                        "AllowedMethods": {
                            "default": [
                                "GET",
                                "HEAD"
                            ],
                            "uniqueItems": false,
                            "type": "array",
                            "items": {
                                "type": "string"
                            }
                        },
                        "PathPattern": {
                            "type": "string"
                        },
                        "CachedMethods": {
                            "default": [
                                "GET",
                                "HEAD"
                            ],
                            "uniqueItems": false,
                            "type": "array",
                            "items": {
                                "type": "string"
                            }
                        },
                        "SmoothStreaming": {
                            "default": false,
                            "type": "boolean"
                        },
                        "ForwardedValues": {
                            "$ref": "#/definitions/ForwardedValues"
                        },
                        "OriginRequestPolicyId": {
                            "type": "string"
                        },
                        "MinTTL": {
                            "default": 0,
                            "type": "number"
                        },
                        "CachePolicyId": {
                            "type": "string"
                        },
                        "MaxTTL": {
                            "default": 31536000,
                            "type": "number"
                        }
                    },
                    "required": [
                        "PathPattern",
                        "TargetOriginId",
                        "ViewerProtocolPolicy"
                    ]
                },
                "Restrictions": {
                    "additionalProperties": false,
                    "type": "object",
                    "properties": {
                        "GeoRestriction": {
                            "$ref": "#/definitions/GeoRestriction"
                        }
                    },
                    "required": [
                        "GeoRestriction"
                    ]
                },
                "LegacyS3Origin": {
                    "additionalProperties": false,
                    "type": "object",
                    "properties": {
                        "OriginAccessIdentity": {
                            "default": "",
                            "type": "string"
                        },
                        "DNSName": {
                            "type": "string"
                        }
                    },
                    "required": [
                        "DNSName"
                    ]
                },
                "Logging": {
                    "additionalProperties": false,
                    "type": "object",
                    "properties": {
                        "IncludeCookies": {
                            "default": false,
                            "type": "boolean"
                        },
                        "Bucket": {
                            "type": "string"
                        },
                        "Prefix": {
                            "default": "",
                            "type": "string"
                        }
                    },
                    "required": [
                        "Bucket"
                    ]
                },
                "ViewerCertificate": {
                    "additionalProperties": false,
                    "type": "object",
                    "properties": {
                        "IamCertificateId": {
                            "type": "string"
                        },
                        "SslSupportMethod": {
                            "type": "string"
                        },
                        "MinimumProtocolVersion": {
                            "type": "string"
                        },
                        "CloudFrontDefaultCertificate": {
                            "type": "boolean"
                        },
                        "AcmCertificateArn": {
                            "type": "string"
                        }
                    }
                },
                "DefaultCacheBehavior": {
                    "additionalProperties": false,
                    "type": "object",
                    "properties": {
                        "Compress": {
                            "default": false,
                            "type": "boolean"
                        },
                        "FunctionAssociations": {
                            "uniqueItems": false,
                            "type": "array",
                            "items": {
                                "$ref": "#/definitions/FunctionAssociation"
                            }
                        },
                        "LambdaFunctionAssociations": {
                            "uniqueItems": false,
                            "type": "array",
                            "items": {
                                "$ref": "#/definitions/LambdaFunctionAssociation"
                            }
                        },
                        "TargetOriginId": {
                            "type": "string"
                        },
                        "ViewerProtocolPolicy": {
                            "type": "string"
                        },
                        "ResponseHeadersPolicyId": {
                            "default": "",
                            "type": "string"
                        },
                        "RealtimeLogConfigArn": {
                            "default": "",
                            "type": "string"
                        },
                        "TrustedSigners": {
                            "uniqueItems": false,
                            "type": "array",
                            "items": {
                                "type": "string"
                            }
                        },
                        "DefaultTTL": {
                            "default": 86400,
                            "type": "number"
                        },
                        "FieldLevelEncryptionId": {
                            "default": "",
                            "type": "string"
                        },
                        "TrustedKeyGroups": {
                            "uniqueItems": false,
                            "type": "array",
                            "items": {
                                "type": "string"
                            }
                        },
                        "AllowedMethods": {
                            "default": [
                                "GET",
                                "HEAD"
                            ],
                            "uniqueItems": false,
                            "type": "array",
                            "items": {
                                "type": "string"
                            }
                        },
                        "CachedMethods": {
                            "default": [
                                "GET",
                                "HEAD"
                            ],
                            "uniqueItems": false,
                            "type": "array",
                            "items": {
                                "type": "string"
                            }
                        },
                        "SmoothStreaming": {
                            "default": false,
                            "type": "boolean"
                        },
                        "ForwardedValues": {
                            "$ref": "#/definitions/ForwardedValues"
                        },
                        "OriginRequestPolicyId": {
                            "default": "",
                            "type": "string"
                        },
                        "MinTTL": {
                            "default": 0,
                            "type": "number"
                        },
                        "CachePolicyId": {
                            "default": "",
                            "type": "string"
                        },
                        "MaxTTL": {
                            "default": 31536000,
                            "type": "number"
                        }
                    },
                    "required": [
                        "TargetOriginId",
                        "ViewerProtocolPolicy"
                    ]
                },
                "OriginShield": {
                    "additionalProperties": false,
                    "type": "object",
                    "properties": {
                        "OriginShieldRegion": {
                            "type": "string"
                        },
                        "Enabled": {
                            "type": "boolean"
                        }
                    }
                },
                "S3OriginConfig": {
                    "additionalProperties": false,
                    "type": "object",
                    "properties": {
                        "OriginAccessIdentity": {
                            "default": "",
                            "type": "string"
                        }
                    }
                },
                "OriginGroup": {
                    "additionalProperties": false,
                    "type": "object",
                    "properties": {
                        "Id": {
                            "type": "string"
                        },
                        "FailoverCriteria": {
                            "$ref": "#/definitions/OriginGroupFailoverCriteria"
                        },
                        "Members": {
                            "$ref": "#/definitions/OriginGroupMembers"
                        }
                    },
                    "required": [
                        "Id",
                        "FailoverCriteria",
                        "Members"
                    ]
                },
                "OriginGroupFailoverCriteria": {
                    "additionalProperties": false,
                    "type": "object",
                    "properties": {
                        "StatusCodes": {
                            "$ref": "#/definitions/StatusCodes"
                        }
                    },
                    "required": [
                        "StatusCodes"
                    ]
                },
                "DistributionConfig": {
                    "additionalProperties": false,
                    "type": "object",
                    "properties": {
                        "Logging": {
                            "$ref": "#/definitions/Logging"
                        },
                        "Comment": {
                            "default": "",
                            "type": "string"
                        },
                        "DefaultRootObject": {
                            "default": "",
                            "type": "string"
                        },
                        "Origins": {
                            "uniqueItems": false,
                            "type": "array",
                            "items": {
                                "$ref": "#/definitions/Origin"
                            }
                        },
                        "ViewerCertificate": {
                            "default": {
                                "CloudFrontDefaultCertificate": true
                            },
                            "$ref": "#/definitions/ViewerCertificate"
                        },
                        "PriceClass": {
                            "default": "PriceClass_All",
                            "type": "string"
                        },
                        "CustomOrigin": {
                            "$ref": "#/definitions/LegacyCustomOrigin"
                        },
                        "S3Origin": {
                            "$ref": "#/definitions/LegacyS3Origin"
                        },
                        "DefaultCacheBehavior": {
                            "$ref": "#/definitions/DefaultCacheBehavior"
                        },
                        "CustomErrorResponses": {
                            "uniqueItems": false,
                            "type": "array",
                            "items": {
                                "$ref": "#/definitions/CustomErrorResponse"
                            }
                        },
                        "OriginGroups": {
                            "$ref": "#/definitions/OriginGroups"
                        },
                        "Enabled": {
                            "type": "boolean"
                        },
                        "Aliases": {
                            "uniqueItems": false,
                            "type": "array",
                            "items": {
                                "type": "string"
                            }
                        },
                        "IPV6Enabled": {
                            "type": "boolean"
                        },
                        "CNAMEs": {
                            "uniqueItems": false,
                            "type": "array",
                            "items": {
                                "type": "string"
                            }
                        },
                        "WebACLId": {
                            "default": "",
                            "type": "string"
                        },
                        "HttpVersion": {
                            "default": "http1.1",
                            "type": "string"
                        },
                        "Restrictions": {
                            "default": {
                                "GeoRestriction": {
                                    "RestrictionType": "none"
                                }
                            },
                            "$ref": "#/definitions/Restrictions"
                        },
                        "CacheBehaviors": {
                            "uniqueItems": false,
                            "type": "array",
                            "items": {
                                "$ref": "#/definitions/CacheBehavior"
                            }
                        }
                    },
                    "required": [
                        "Enabled"
                    ]
                },
                "ForwardedValues": {
                    "additionalProperties": false,
                    "type": "object",
                    "properties": {
                        "Cookies": {
                            "default": {
                                "Forward": "none"
                            },
                            "$ref": "#/definitions/Cookies"
                        },
                        "Headers": {
                            "uniqueItems": false,
                            "type": "array",
                            "items": {
                                "type": "string"
                            }
                        },
                        "QueryString": {
                            "type": "boolean"
                        },
                        "QueryStringCacheKeys": {
                            "uniqueItems": false,
                            "type": "array",
                            "items": {
                                "type": "string"
                            }
                        }
                    },
                    "required": [
                        "QueryString"
                    ]
                },
                "Tag": {
                    "additionalProperties": false,
                    "type": "object",
                    "properties": {
                        "Value": {
                            "type": "string"
                        },
                        "Key": {
                            "type": "string"
                        }
                    },
                    "required": [
                        "Value",
                        "Key"
                    ]
                },
                "CustomErrorResponse": {
                    "additionalProperties": false,
                    "type": "object",
                    "properties": {
                        "ResponseCode": {
                            "type": "integer"
                        },
                        "ErrorCachingMinTTL": {
                            "default": 300,
                            "type": "number"
                        },
                        "ErrorCode": {
                            "type": "integer"
                        },
                        "ResponsePagePath": {
                            "type": "string"
                        }
                    },
                    "required": [
                        "ErrorCode"
                    ]
                }
            },
            "properties": {
                "DistributionConfig": {
                    "$ref": "#/definitions/DistributionConfig"
                },
                "DomainName": {
                    "type": "string"
                },
                "Id": {
                    "type": "string"
                },
                "Tags": {
                    "uniqueItems": false,
                    "type": "array",
                    "items": {
                        "$ref": "#/definitions/Tag"
                    }
                }
            },
            "required": [
                "DistributionConfig"
            ]
        },
        "ProvisioningType": "FULLY_MUTABLE",
        "IsCfnRegistrySupportedType": true,
        "SchemaFileAvailable": true
    }
}